{"last_download_success": 1638807105.2265337, "unseen_downloads": [], "last_download_failure": 1639010734.8060968}